{"placements":[{"x":520.0289,"y":189.95985},{"x":1164.2611,"y":189.95985},{"x":510.0,"y":189.89735}]}