{"placements":[{"x":510.0,"y":189.52235},{"x":1164.5736,"y":189.52235},{"x":520.2164,"y":189.52235}]}