{"placements":[{"x":510.0,"y":189.08615},{"x":1163.6672,"y":189.08615},{"x":523.4315,"y":189.08615}]}